titulo,autor,estado,orden,fecha_sesion,isbn,google_books_id,portada_manual,descripcion_manual,nota_club,visible,revisar
No todo el mundo,Marta Jiménez Serrano,leido,1,,,,,,,si,
Los astronautas,Laura Ferrero,leido,2,,,,,,,si,
Nunca me abandones,Kazuo Ishiguro,leido,3,,,,,,,si,
Soy leyenda,Richard Matheson,leido,4,,,,,,,si,
Lecciones de química,Bonnie Garmus,leido,5,,,,,,,si,
Amarilla,R. F. Kuang,leido,6,,,,,,,si,
Historia de dos ciudades,Charles Dickens,leido,7,,,,,,,si,
Plegarias atendidas,Truman Capote,leido,8,,,,,,,si,
Leviatán,Paul Auster,leido,9,,,SIkmSgAACAAJ,,,,si,
Tomates verdes fritos,Fannie Flagg,leido,10,,,,,,,si,
El mejor del mundo,Juan Tallón,leido,11,,,,,,,si,
La parábola del sembrador,Octavia E. Butler,leido,12,,,,,,,si,
Primera memoria,Ana María Matute,leido,13,,,,,,,si,
El museo de la inocencia,Orhan Pamuk,leido,14,,,,,,,si,
La hermana menor,Mariana Enríquez,leido,15,,,_q4KtwEACAAJ,,,,si,
La promesa,Silvina Ocampo,leido,16,,,,,,Leído junto a Autobiografía de Irene,si,
Autobiografía de Irene,Silvina Ocampo,leido,16,,,,,,Leído junto a La promesa,si,
La maldición de Hill House,Shirley Jackson,leido,17,,,,,,,si,
Buenos días tristeza,Françoise Sagan,leido,18,,,,,,,si,
"Tragedias: Antígona, Edipo Rey, Áyax, Las Traquinias",Sófocles,leido,19,,,,,,,si,Varias obras en una entrada: elegir edición o poner portada manual
Carta de una desconocida,Stefan Zweig,leido,20,,,,,,,si,
La seducción,Sara Torres,leido,21,,,,,,,si,
La verja roja,Estrella Alonso,leido,22,,,,,,,si,
Tristana,Benito Pérez Galdós,leido,23,,,,,,,si,
El secreto,Donna Tartt,leido,24,,,,,,,si,Comprobar edición (título original The Secret History)
Sinsonte,Walter Tevis,proximo,25,,,q1k6zwEACAAJ,,,,si,
Los restos del día,Kazuo Ishiguro,por_clasificar,,,,,,,,si,
Los héroes felices,Vea Kaiser,por_clasificar,,,,,,,,si,
Circe,Madeline Miller,por_clasificar,,,,,,,,si,
La sociedad literaria y del pastel de piel de patata de Guernsey,Mary Ann Shaffer y Annie Barrows,por_clasificar,,,,,,,,si,
Maniac,Benjamín Labatut,por_clasificar,,,,,,,,si,
Los reyes de la casa,Delphine de Vigan,por_clasificar,,,,,,,,si,Aparecía dos veces en el documento
Una librería en Berlín,Françoise Frenkel,por_clasificar,,,,,,,,si,
Celia en la revolución,Elena Fortún,por_clasificar,,,,,,,,si,
Hamnet,Maggie O'Farrell,por_clasificar,,,,,,,,si,
Sueño del Fevre,George R. R. Martin,por_clasificar,,,,,,,,si,
El vampiro. La familia del Vurdalak,Alekséi K. Tolstói,por_clasificar,,,,,,,,si,
Quijote en el Congo,Xavier Aldekoa,por_clasificar,,,,,,,,si,Comprobar título
El verano sin hombres,Siri Hustvedt,por_clasificar,,,,,,,,si,
Manual para mujeres de la limpieza,Lucia Berlin,por_clasificar,,,,,,,,si,
El amor dura tres años,Frédéric Beigbeder,por_clasificar,,,,,,,,si,
Heredarás la tierra,Jane Smiley,por_clasificar,,,,,,,,si,
La mujer que no entendía el mundo,David Torres,por_clasificar,,,,,,,,si,
El descontento,Beatriz Serrano,por_clasificar,,,,,,,,si,
La distancia que nos separa,Maggie O'Farrell,por_clasificar,,,,,,,,si,
En agosto nos vemos,Gabriel García Márquez,por_clasificar,,,,,,,,si,
La Biblia envenenada,Barbara Kingsolver,por_clasificar,,,,,,,,si,Aparecía dos veces (una con el apellido mal escrito)
Por culpa de una flor,María Medem,por_clasificar,,,,,,,,si,
Blackwater. La riada,Michael McDowell,por_clasificar,,,,,,,,si,
Cómo se hace una chica,Caitlin Moran,por_clasificar,,,,,,,,si,
El quinto jinete,Dominique Lapierre y Larry Collins,por_clasificar,,,,,,,,si,
Los parques de atracciones también cierran,Ángeles Caballero,por_clasificar,,,,,,,,si,
Vendimos nuestras almas,Grady Hendrix,por_clasificar,,,,,,,,si,
La luz difícil,Tomás González,por_clasificar,,,,,,,,si,
Una educación,Tara Westover,por_clasificar,,,,,,,,si,
La península de las casas vacías,David Uclés,por_clasificar,,,,,,,,si,
Betty,Tiffany McDaniel,por_clasificar,,,,,,,,si,
Tan poca vida,Hanya Yanagihara,por_clasificar,,,,,,,,si,
Too much,Inma Benedito,por_clasificar,,,,,,,,si,"En el documento ponía ""Too match"": confirmar título"
Todas las guerras empiezan en verano,Diana Aller,por_clasificar,,,,,,,,si,
La Virgen Cabeza,Gabriela Cabezón Cámara,por_clasificar,,,,,,,,si,Corregido el apellido de la autora
Reunión,Natasha Brown,por_clasificar,,,,,,,,si,
Han cantado bingo,Lana Corujo,por_clasificar,,,,,,,,si,
Comerás flores,Lucía Solla Sobral,por_clasificar,,,,,,,,si,
La princesa de Clèves,Madame de La Fayette,por_clasificar,,,,,,,,si,
Moll Flanders,Daniel Defoe,por_clasificar,,,,,,,,si,
Las amistades peligrosas,Pierre Choderlos de Laclos,por_clasificar,,,,,,,,si,
Punto de araña,Nerea Pallares,por_clasificar,,,,,,,,si,
Yo que nunca supe de los hombres,Jacqueline Harpman,por_clasificar,,,,,,,,si,
Canción dulce,Leïla Slimani,por_clasificar,,,,,,,,si,
Fantasticland,Ana Wajszczuk,por_clasificar,,,,,,,,si,Comprobar autoría
La vegetariana,Han Kang,por_clasificar,,,,,,,,si,
Mentirosos,Sarah Manguso,por_clasificar,,,,,,,,si,
Los nombres,Florence Knapp,por_clasificar,,,,,,,,si,
Oveja mansa,Connie Willis,por_clasificar,,,,,,,,si,
Todo está iluminado,Jonathan Safran Foer,por_clasificar,,,,,,,,si,
Yesteryear,Caro Claire Burke,por_clasificar,,,,,,,,si,
Léxico familiar,Natalia Ginzburg,por_clasificar,,,,,,,,si,
Klara y el sol,Kazuo Ishiguro,por_clasificar,,,,,,,,si,
Piranesi,Susanna Clarke,por_clasificar,,,,,,,,si,
Congreso de futurología,Stanisław Lem,por_clasificar,,,,,,,,si,
